reference,abstract
"Stéphane Le Gars. L'émergence de l'astronomie physique en France (1860-1914) : acteurs et pratiques. Histoire. Université de Nantes, 2007. Français. ⟨NNT : ⟩. ⟨tel-00405048⟩","Au cours du XIXème siècle, l'astronomie voit ses méthodes et ses objets d'étude considérablement évoluer : à côté d'une astronomie dite de position, c'est-à-dire qui ne s'intéresse qu'à la position des objets célestes dans le ciel, émerge et s'affirme une astronomie dite physique, qui aboutira plus tard à l'astrophysique. Ainsi, notre thèse a visé à analyser les liens entre les sciences physiques et l'astronomie qui ont permis l'apparition d'un nouveau champ du savoir, dans la perspective de mettre en relief les spécificités françaises de cette discipline émergente qu' a été l'astronomie physique. Notre travail a consisté à identifier les savants et les réseaux impliqués, à caractériser les cultures qui les portent, mais aussi à étudier les transferts de savoirs et de savoir-faire entre physiciens et astronomes, ceci en précisant dans quel contexte scientifique ces recherches ont eu lieu. Nous avons ainsi pu montrer que, loin de s'exercer sur un modèle unique, l'astronomie physique française entre 1860 et 1914 a montré une diversité dans ses approches, une pluralité des lieux de sa construction, une multiplicité des acteurs et des cultures qui les animent, ceci au risque d'un éclatement et d'une hétérogénéité des pratiques. En effet, si l'astronomie physique française s'est vue progressivement investie par un groupe de physiciens bien identifié, et non par des astronomes, nous avons pu mettre en évidence qu'à la veille de la grande guerre, il n'existe pas de communauté réellement constituée autour d'un programme cohérent et concerté d'astronomie physique. De nombreuses recherches ont été menées, mais sur un mode dispersé que nous avons cherché à caractériser."
"Juliette Grange. Le rôle social des sciences : l'astronomie dans l'histoire de la modernité.. Auguste Comte et le rôle social des sciences. L'exemple de l'astronomie., Oct 2007, PARIS, France. pp.85-100. ⟨halshs-00985532⟩","L'article revient sur la philosophie contienne des sciences. Le positivisme n'est pas un empirisme. Aucun fait n'a de sens s'il est examiné isolément, indépendamment d'un champ théorique, de la vérification d'une hypothèse, d'un procédé expérimental, d'un détour par l'abstraction. Puis il s'attache aux leçons du Cours de philosophie positive sur l'astronomie, où l'on trouve les bases épistémologiques de la discipline du XVIIe jusqu'au XIXe siècle. Selon Comte, si la rupture d'avec le concret s'est faite en effet dans l'esprit et les écrits d'un très petit nombre de mathématiciens de l'Antiquité, elle se poursuit avec l'astronomie qui n'est plus une science d'observation. L'astronomie moderne aura donc un rôle social majeur dans la mesure où elle arrache collectivement, et dans l'esprit de Comte définitivement, les hommes aux attitudes mentales héritées des religions, à l'esprit théologique. La leçon d'Auguste Comte est essentiellement l'attachement à la diffusion des connaissances scientifiques qui ne doit plus seulement viser l'élite bourgeoise ou intellectuelle, mais l'ensemble de la société. La philosophie ici joue un rôle central pour penser la vulgarisation autrement que comme une simplification déformante."
"Camille Rodic. Compte-rendu de lecture de : 'Le Soleil de Ponge: rassembler les éclats d’un astre en fusion' (Thomas Schestag, Le Soleil / Die Sonne, Berlin : Matthes &amp; Seitz Berlin, 2020, 883 p., EAN 9783957577757.). 2021. ⟨hal-03594814⟩","En juin 1960, Francis Ponge vend le dossier du Soleil à la Bibliothèque Jacques Doucet à Paris. Le dossier rassemble près de six-cent soixante-dix feuillets classés en vingt-trois liasses, qui s’étalent sur plus de trente ans : des tous premiers écrits sur le soleil en 1920, à l’aboutissement du projet du livre en 1954, c’est-à-dire la publication du Soleil placé en abîme dans une édition de luxe pour la collection « Droséra », enrichie de sept eaux-fortes de Jacques Hérold. L’ouvrage Le Soleil / Die Sonne est particulièrement ambitieux car s’y trouvent rassemblés par Thomas Schestag une quantité remarquable de documents, provenant de sources diverses et réunis pour la première fois en un même volume — à savoir le dossier principal du Soleil conservé à Doucet, le Cahier Nuage de sang et plusieurs pages inédites tirées des archives familiales. C’est avec bonheur que le lecteur pourra parcourir les fac-similés en couleur des très nombreux manuscrits, tapuscrits, lettres ou encore photographies, que Th. Schestag accompagne non seulement de transcriptions, mais aussi de commentaires philologiques et de traductions inédites en allemand. Le livre s’achève sur le texte français du Soleil placé en abîme, accompagné d’une nouvelle traduction intégrale en allemand. Ce parcours, des premiers écrits sur le Soleil à l’œuvre finale, ne doit pas induire le lecteur en erreur : l’édition n’entend pas réduire le dossier du Soleil à un fonds de notes ayant abouti au livre de 1954. Ce que met au jour Th. Schestag, c’est moins le processus génétique dont émerge le Soleil placé en abîme1, que la complémentarité et la richesse des différents états du Soleil, compris comme autant d’éclats excédant le texte final."
"Georgios Dimitrakopoulos. Le visage du Soleil dans la pensée grecque ancienne. Littératures. Université Nancy 2, 2005. Français. ⟨NNT : 2005NAN21012⟩. ⟨tel-01776232⟩","La thèse se compose trois parties (occupant 398 p.) : I - Le soleil comme phénomène naturel : L'observation du ciel a d'abord provoqué chez les Grecs anciens l'éveil de sentiments religieux et philosophiques, avec le principe de reconnaissance entre macrocosme et microcosme. Se dégageant progressivement de l'astrologie, l'astronomie s'est développée à travers la philosophie et enfin par l'étude scientifique du mouvement de corps célestes. II - Le soleil dans la vie des hommes : En harmonie avec les principes de la première partie, on étudie les aspects religieux (le Soleil comme divinité, en tant que figure propre - le visage du Soleil, les cultures solaires), les manifestations du Soleil dans la vie quotidienne (calendrier, les effets météorologiques, l'astronomie apotélesmatique, l'astrologie). III - Le soleil dans les représentations des hommes (littérature - arts) : C'est un panorama des différents aspects du Soleil dans la civilisation et la culture grecques antiques qui est ainsi présenté, avec ses fondements proprement helléniques."
"Camille Rodic. 'Faire tourner le soleil dans la métaphore' : la pratique de la métaphore dans les manuscrits du Soleil placé en abîme. Cahiers Francis Ponge, n°3, L'écrivain, l'artiste et leurs gestes, 2020. ⟨hal-03168356⟩","À partir d’une étude des manuscrits du Soleil placé en abîme, cet article revient sur la pratique de la métaphore chez Francis Ponge. Si au fur et à mesure de la genèse de son œuvre, l’écrivain cherche à circonscrire le soleil par la métaphore, il fait face à une double tyrannie : celle du soleil et celle de l’image. Puisqu’il ne peut échapper ni à l’une, ni à l’autre, il lui faut posséder le soleil à l’intérieur de son propre système, et parasiter la toute-puissance des métaphores… par la métaphore."
"Ivan Jovanovic. Soleil et lune dans la parémiologie française et serbe. Revue du CEES : Centre européen d'études slaves, 2019, Le français à la rencontre avec les autres langues : Approches linguistiques, littéraires et culturelles. Langues en contact, 7. ⟨hal-03294496⟩","Dans le présent article, nous nous proposons d’analyser les parémies françaises et serbes avec les lexèmes soleil et lune afin de mettre en évidence toutes les ressemblances et les différences qui apparaissent sur les plans sémantique et culturel. À la lumière de la théorie des champs sémantiques de Kleiber et du modèle linguistique et culturel de Wierzbicka, les parémies sont répertoriées en deux sous-champs : a) les parémies qui renvoient au soleil (le lever du soleil, le coucher du soleil, les couleurs du soleil, la luminosité du soleil) et b) les parémies référant à la lune (la première phase de la lune, la deuxième phase de la lune, la troisième phase de la lune, la quatrième phase de la lune, les couleurs de la lune, les décors de la lune). La raison pour laquelle nous nous sommes décidé de choisir ces deux lexèmes repose sur les faits que le soleil et la lune sont essentiels à l’homme, qu’ils lui assurent la survie, la source d’enseignement et de richesse et c’est pourquoi un grand nombre de parémies leur est consacré beaucoup plus en français qu’en serbe. Ainsi, notre analyse démontre que les parémies, à part leur sens dénotatif, sont pourvues d’un sens connotatif productif en français tandis qu’en serbe il n’y a pas beaucoup d’exemples qui en témoignent. Autrement dit, les parémies se rapportent figurément aux différents aspects de la vie de l’homme, à ses traits de caractère, à ses états psychologiques, à sa position matérielle sur l’échelle sociale ainsi qu’à sa descendance. Pour ce qui est du corpus, les parémies sont tirées de dictionnaires parémiologiques français et serbes : Montreynaud 2006 ; Maloux 2006 ; G. Cosson 2010 ; Караџић 1985 ; Вуковић 2004 ; Рајковић 1876."
"Pauline Khalifa. Les éditions Le Soleil Noir à l’ombre du surréalisme (1950-1982). Comparative Studies in Modernism , 2025, 27, ⟨10.13135/2281-6658/13096⟩. ⟨hal-05439867⟩","Fondées par François Di Dio, les éditions Le Soleil Noir (1950-1982) publièrent les œuvres de nombreux écrivains de la seconde vague du Surréalisme (notamment Duprey, Rodanski, Mansour, Tarnaud, Sebbag) aux côtés d’artistes tout aussi proches du Surréalisme (Baj, Tovar, Giovanna, Toyen, Bellmer…). Mobilisant une partie de son heuristique, Le Soleil Noir est l’un des héritiers du Surréalisme, mais, curieusement, il ne s’en réclama jamais. Comme le Surréalisme, son aventure fut sincère et collective : ce furent les livres-objets, fruits de la collaboration entre un écrivain et un artiste, qui réalisèrent cette co-création désirée par l’éditeur."
"Ivan Jovanovic. Soleil et lune dans la parémiologie française et serbe. Revue du CEES : Centre européen d'études slaves, 2019, Le français à la rencontre avec les autres langues : Approches linguistiques, littéraires et culturelles. Langues en contact, 7. ⟨hal-03294496⟩","Dans le présent article, nous nous proposons d’analyser les parémies françaises et serbes avec les lexèmes soleil et lune afin de mettre en évidence toutes les ressemblances et les différences qui apparaissent sur les plans sémantique et culturel. À la lumière de la théorie des champs sémantiques de Kleiber et du modèle linguistique et culturel de Wierzbicka, les parémies sont répertoriées en deux sous-champs : a) les parémies qui renvoient au soleil (le lever du soleil, le coucher du soleil, les couleurs du soleil, la luminosité du soleil) et b) les parémies référant à la lune (la première phase de la lune, la deuxième phase de la lune, la troisième phase de la lune, la quatrième phase de la lune, les couleurs de la lune, les décors de la lune). La raison pour laquelle nous nous sommes décidé de choisir ces deux lexèmes repose sur les faits que le soleil et la lune sont essentiels à l’homme, qu’ils lui assurent la survie, la source d’enseignement et de richesse et c’est pourquoi un grand nombre de parémies leur est consacré beaucoup plus en français qu’en serbe. Ainsi, notre analyse démontre que les parémies, à part leur sens dénotatif, sont pourvues d’un sens connotatif productif en français tandis qu’en serbe il n’y a pas beaucoup d’exemples qui en témoignent. Autrement dit, les parémies se rapportent figurément aux différents aspects de la vie de l’homme, à ses traits de caractère, à ses états psychologiques, à sa position matérielle sur l’échelle sociale ainsi qu’à sa descendance. Pour ce qui est du corpus, les parémies sont tirées de dictionnaires parémiologiques français et serbes : Montreynaud 2006 ; Maloux 2006 ; G. Cosson 2010 ; Караџић 1985 ; Вуковић 2004 ; Рајковић 1876."
"Vincent d'Orlando. Réflexions autour d'un astricide : Marinetti, poète mal luné. Chroniques italiennes (Imprimé), 1996, Mélanges offerts à Mario Fusco, 47-48, pp.141-153. ⟨hal-02292060⟩","En septembre 1995 était réédité chez Mondadori un ouvrage de Giovanni Macchia dont le titre, La caduta della luna, aurait certainement ravi Marinetti, le pourfendeur véhément d'un certain imaginaire lunaire hérité d'une longue tradition poétique. Notre propos n'est pas de retracer ici les étapes glorieuses du chant à la lune, de Virgile à Leopardi, mais plutôt de montrer comment la volonté futuriste d'""éteindre la lune"" participe d'une stratégie d'envahissement de l'espace cosmique et de destruction des symboles poétiques qui trouve dans notre satellite sa cible privilégiée."
"Francis Fer. Quelques remarques sur les systèmes thermodynamiques de Boltzmann et les invariants adiabatiques. Journal de Physique et le Radium, 1962, 23 (12), pp.973-978. ⟨10.1051/jphysrad:019620023012097300⟩. ⟨jpa-00236739⟩","Il existe deux sortes de démonstrations de l'invariance adiabatique, l'une relevant de la Mécanique rationnelle, l'autre de la Thermodynamique et passant par la formule de Boltzmann. L'identité, pourtant nécessaire, des deux méthodes, n'apparaît pas toujours très clairement, et la présente note a pour objet de préciser les hypothèses physiques qui sont à la base de l'une et de l'autre et d'en faire ainsi ressortir le lien."
"René Audubert. Action de la lumière visible sur les électrodes. Journal de Physique et le Radium, 1925, 6 (10), pp.313-322. ⟨10.1051/jphysrad:01925006010031300⟩. ⟨jpa-00205221⟩","Un courant électrique prend naissance entre deux lames métalliques identiques plongées dans un électrolyte, si l'on soumet l'une d'elles à l'action de la lumière. Beaucoup d'expérimentateurs ont étudié ce phénomène et l'ont attribué soit à des effets chimiques, soit à des effets thermiques. L'auteur expose des expériences nouvelles permettant d'éliminer l'une et l'autre de ces explications et conduisant à l'hypothése d'un mécanisme photo-électrique, soit par émission d'électrons, soit par émission d'ions."
"Bilal Benmahi. Étude de la dynamique et de la composition des atmosphères des planètes géantes : préparation de la mission JUICE. Astrophysique [astro-ph]. Université de Bordeaux, 2022. Français. ⟨NNT : 2022BORD0242⟩. ⟨tel-03847662⟩","Le Jupiter Icy Moon Explorer (JUICE) est la prochaine grande mission de l’Agence spatiale Européenne. JUICE embarquera 10 instruments et sera lancé en 2023 pour étudier le système jovien à partir de 2031 et pendant 4 ans. Parmi ses instruments, le Submillimeter Wave Instrument (SWI, PI P. Hartogh, MPS, Allemagne) nous intéresse plus particulièrement. Il s’agit d’un télescope de 29 cm de diamètre qui observera Jupiter et les satellites galiléens dans le domaine submillimétrique. SWI est destiné à étudier la composition ainsi que la dynamique des atmosphères de ces corps mais aussi les surfaces des satellites. Ce travail de thèse consiste à analyser et interpréter des observations de Jupiter et de Saturne, prises avec des télescopes au sol et spatiaux, pour préparer le programme scientifique de JUICE/SWI.Tout d’abord, nous avons étudié l’évolution temporelle de l’abondance d’H2O dans la stratosphère de Jupiter à partir de deux décennies de données recueillies par le télescope spatial Odin. Cette première étude nous permet notamment de prédire l’observabilité par SWI d’H2O dans la stratosphère de Jupiter grâce à nos modélisations photochimiques.Nous avons également analysé des observations ALMA (Atacama Large Millimeter/submillimeter Array) de CO et d’HCN, qui ont initialement été déposés dans la stratosphère de Jupiter lors de la désintégration de la comète Shoemaker-Levy-9 en 1994. Comme H2O, ces composés seront observables dans les bandes spectrales de SWI. Nous avons développé une méthode qui permet de mesurer directement l’effet Doppler induit par les vents atmosphériques sur les raies spectrales, grâce à la très haute résolution spectrale et spatiale d’ALMA. Cette méthode, qui permet d’étudier la dynamique atmosphérique des planètes géantes, est basée sur la technique de modélisation Markov Chain Monte Carlo.Nos résultats dans la haute stratosphère de Jupiter indiquent que des jets sont présents dans la zone équatoriale. Ces mesures de vent, jumelées avec des mesures concomitantes de la température stratosphériques, nous ont permis de caractériser la circulation stratosphérique équatoriale grâce à l’équation du vent thermique. Nous avons ainsi mis en évidence un empilement vertical de jets équatoriaux dirigés alternativement vers l’ouest et vers l’est.Nous avons appliqué cette même technique de mesure de vents à des observations ALMA de CO et d’HCN dans la stratosphère de Saturne. Nos résultats révèlent une circulation équatoriale inédite. Nous retrouvons, en effet, le grand jet équatorial de Saturne, auparavant observé par Hubble et Cassini au niveau des nuages entre 60 et 2000 mbar de pression, à 0.1 mbar, c’est-à-dire 500 km plus haut que les observations Hubble et Cassini.Par ailleurs, nous avons découvert que les zones polaires de Jupiter et de Saturne sont le siège d’une chimie et d’une dynamique particulières. En effet, dans la stratosphère de Jupiter, nos observations Odin et ALMA montrent qu’H2O et HCN sont détruits plus rapidement dans ces zones qu’aux latitudes basses et moyennes. Par ailleurs, nous avons détecté la présence de jets auroraux qui sont positionnés sous les ovales auroraux nord et sud de Jupiter. Il semble qu’un jet similaire soit également présent sous l’ovale auroral nord de Saturne. Nous pensons que ces jets pourraient former des vortex géants jusqu’à l’ionosphère où une dynamique similaire a été détectée sur Jupiter. Il se pourrait donc que l’on soit en présence de vortex gigantesques qui participeraient au confinement de la matière dans les zones aurorales où des électrons énergétiques précipitent et contribuent à la chimie. C’est pourquoi nous avons développé un outil de modélisation du transport des électrons magnétosphériques afin de le coupler à un modèle photochimique ion-neutre dans les zones aurorales de Jupiter et ainsi mieux comprendre la chimie et la dynamique de ces régions particulière. À terme, nous prévoyons d’appliquer ce modèle également à Saturne."
"Quentin Nénon. Etude et modélisation des ceintures de radiation de Jupiter. Physique de l'espace [physics.space-ph]. Doctorat de l'Université de Toulouse délivré par l'Institut Supérieur de l'Aéronautique et de l'Espace (ISAE), 2018. Français. ⟨NNT : ⟩. ⟨tel-01899128⟩","Les ceintures de radiations de la planète géante Jupiter sont constituées d’électrons, de protons et d’ions lourds de très haute énergie. Ces particules chargées représentent un risque majeur pour les satellites artificiels cherchant à explorer Jupiter. Dans le même temps, comprendre l’origine et la répartition de ces particules est une problématique fondamentale du domaine de la Physique de l’Espace. Le modèle physique Salammbô de l’ONERA répond aux deux enjeux précédents. Il a été développé pour le cas de la planète géante au cours de deux thèses successives qui se sont terminées en 2004 [Santos-Costa, 2001 ; Sicard, 2004]. Les travaux précédents ont permis de mettre en place un modèle d’électrons qui s’étend de l’atmosphère de Jupiter jusqu’à l’orbite d’Europe (9 Rj) et un modèle de protons jusqu’à l’orbite de la lune volcanique Io (6 Rj ). Depuis cette date, la mission américaine Galileo, qui fut en orbite autour de Jupiter jusqu’en 2003, a livré de nombreuses informations sur les ceintures de radiations et sur l’environnement qui influence celles-ci. Cette thèse revisite le modèle d’électrons et étend le modèle de protons jusqu’à l’orbite d’Europe. Cela permet, en particulier, de montrer que les ondes électromagnétiques se propageant entre les orbites des lunes Io et Europe induisent des pertes significatives de particules, celles-ci étant précipitées dans l’atmosphère de Jupiter. Les modèles proposés au cours de cette thèse sont également mieux à même de prédire l’environnement extrême et limitant des ceintures de radiations que les précédents travaux."
Lilian Heydel. Étude de l’atmosphère de Jupiter : chimie &amp; dynamique. 2023. ⟨hal-04195905v3⟩,"Cette synthèse documentaire se penche sur l'étude approfondie de l'atmosphère de Jupiter, en se focalisant sur sa chimie et sa dynamique. Nous débutons par une exploration de la composition atmosphérique dominée par des éléments tels que l'hydrogène, l'hélium, et d'autres molécules associées. Une attention particulière est accordée au méthane, dont le rôle significatif dans la dynamique chimique est mis en évidence, notamment à travers ses réactions de photolyse sous l'influence des rayonnements solaires et internes. Un élément crucial de l'atmosphère jovienne est la présence de sels chimiques, principalement de l'ammoniac NH3 et de l'hydrosulfure d'ammonium NH4SH, ainsi que dans une moindre mesure de l'eau H2O. Cette couche atmosphérique joue un rôle majeur dans la coloration distincte des différentes zones de Jupiter; l'ammoniac est montré comme responsable de la couleur blanchâtre des zones et le mélange de avec l'acétylène C2H2 est associé à la couleur brunâtre des zones, tandis que le NH4SH, une fois irradié, pourrait expliquer le rouge caractéristique de la Grande Tâche Rouge. Ensuite, une analyse détaillée de la dynamique atmosphérique est entreprise. La thermodynamique spécifique à Jupiter, couplée à sa rapide rotation planétaire Ω, génère un environnement barotropique et géostrophique favorable à la formation de tourbillons et de puissants jets zonaux. Ces mécanismes dynamiques contribuent à la variété de phénomènes remarquables observés dans l'atmosphère jovienne tels que la très ancienne Grande Tâche Rouge ou la présence de groupes de cyclones distincts entourant des cyclones centraux au niveau des deux pôles. En somme, cette synthèse documentaire offre un aperçu complet des éléments chimiques et dynamiques qui gouvernent l'atmosphère complexe de Jupiter."
"Didier Gonçalves. Mise en œuvre et exploitation d'un spectromètre imageur pour l'étude sismique et la dynamique atmosphérique des planètes géantes. Planétologie. COMUE Université Côte d'Azur (2015 - 2019), 2018. Français. ⟨NNT : 2018AZUR4009⟩. ⟨tel-01865842⟩","Connaitre précisément la structure interne des corps célestes est indispensable pour, à la fois, comprendre la physique qui régit leur existence et le processus qui leur a donné naissance. La sismologie, d’abord appliquée à la Terre puis au soleil, s’est révélée être un outil très efficace pour sonder leurs intérieurs. Dans les années 70 (Vorontsov et al 1976), des premiers travaux théoriques ont étudié la possibilité d’une sismologie des planètes géantes gazeuses. Les premières tentatives de mesures d’oscillations ont eu lieu à la fin des années 80. La détection des modes d’oscillations de Jupiter s’est avérée une entreprise très délicate en raison de sa rotation rapide. Pour augmenter les chances de détection, un instrument spécifique a été construit au début des années 2000 à l’OCA. Cet instrument, appelé SYMPA, est un spectromètre imageur de type Mach-Zehnder capable de produire une carte de vitesse radiale de Jupiter. Une détection de modes d’oscillations sur Jupiter par cet instrument a été publiée par Gaulme et al en 2011. Une version améliorée de l’instrument (appelé DSI) a été proposée pour la mission spatiale JUICE à destination de Jupiter, et un nouveau prototype a été construit dans ce but. Par la suite, le projet s’est réorienté vers un programme d’observation depuis le sol sous la forme d’un réseau de trois télescopes répartis en longitude (USA, France, Japon) et financé par l’ANR à partir de 2015 (ANR JOVIAL). L’intérêt de la mise en réseau est d’assurer la continuité des données (météo mise à part). L’instrument étant capable de produire des cartes de vitesse radiales, le projet permet également l’étude de la dynamique atmosphérique des planètes géantes. Ce travail de thèse s’inscrit dans le contexte de préparation de JOVIAL, avec pour objectif de caractériser l’instrument en laboratoire et d’identifier les problèmes liés aux conditions réelles d’observation. Les mesures en laboratoires ont montré des performances conformes aux attentes, avec un bruit de mesure propre à l’instrument inférieur au bruit de photon attendu sur Jupiter. Les premières mesures sur le ciel avec un télescope ont mis en évidence une sensibilité de l’instrument au degré de polarisation de la lumière ainsi qu’une dérive de la vitesse mesurée liée aux instabilités de position de la pupille pendant les observations. Le design de l’instrument et de son interface avec le télescope a été revu pour résoudre ces problèmes. Plusieurs campagnes d’observations de Jupiter ont été réalisées, permettant de mettre sur pied une chaine complète de traitement des données, dont la validité a été vérifiée par des simulations réalistes. Les observations de Jupiter ont donné des résultats scientifiques particulièrement intéressants. L’analyse des données de deux campagnes de 2015 et 2016 a fourni des séquences temporelles de cartes de vitesses radiales de Jupiter. Une première étude a consisté à chercher dans ces cartes la signature des vents zonaux et de les comparer aux mesures réalisées par suivi des nuages sur des images résolues (cloud-tracking). Une telle mesure n’avait jamais été faite par effet Doppler. Le résultat, bien qu’affecté par des biais de mesures identifiés, montre des profils de vents stables d’une année sur l’autre et en cohérence avec les valeurs issues du cloud-tracking, sauf au niveau de la partie nord de la bande équatoriale de Jupiter. La mesure Doppler suggère en effet une vitesse de vent bien inférieure à la vitesse apparente dans cette zone, ce qui a potentiellement des implications sur les modèles de dynamique atmosphérique. Ces résultats sont très importants pour mieux comprendre les mesures de la sonde Juno, actuellement en orbite autour de Jupiter. L’analyse fréquentielle des données temporelles a été abordée en fin de thèse. Les analyses préliminaires ne semblent pas pour l’instant reproduire la détection de SYMPA. Une analyse plus poussée est nécessaire avant de conclure à une absence du signal."
"Aurélien Stolzenbach. Etude de la photochimie de Vénus à l'aide d'un modèle de circulation générale. Instrumentation et méthodes pour l'astrophysique [astro-ph.IM]. Université Pierre et Marie Curie - Paris VI, 2016. Français. ⟨NNT : 2016PA066413⟩. ⟨tel-01415771v3⟩","L'étude de la planète Vénus est particulièrement intéressante car elle possède de nombreuses caractéristiques avec la Terre, des dimensions et une composition semblables. Malgré ces éléments en commun, ces planètes sont foncièrement différentes à notre époque. Vénus possède une atmosphère cent fois plus dense à sa surface que celle de la Terre. Cette atmosphère est composée essentiellement de dioxyde de carbone là où l'atmosphère terrestre est composée d'un mélange de diazote et d'oxygène moléculaire. La composition chimique de l'atmosphère vénusienne pose de nombreux problèmes aux chimistes. Vénus fait l'objet d'observations modernes depuis la Terre, de missions spatiales depuis les années 70 et l'ESA a lancé en 2005 la mission Venus Express qui est restée en orbite autour de Vénus jusqu'en décembre 2014. L'explication de la distribution et des concentrations des espèces chimiques mesurées est étudiée par une communauté de modélisateurs en parallèle des observations. Cependant, ces modélisations étaient contraintes à utiliser des modèles 1D qui contenaient de nombreuses paramétrisations. Durant ma thèse j'ai mis à jour un modèle chimique, développé au LATMOS, et développé un modèle des nuages de Vénus qui ont tout deux été introduit à un GCM 3D de Vénus développé au LMD. Ce nouveau modèle permet d'appliquer en 3D les hypothèses les plus récentes sur les cycles chimiques vénusiens, tels que la décroissance du dioxyde de soufre et de la vapeur d'eau dans la couche nuageuse, les variations en latitudes du monoxyde de carbone, la stabilité du dioxyde de carbone, la composition des gouttelettes des nuages de Vénus et la masse condensée dans les nuages."
"Loïc Rossi. Étude des nuages de Vénus par polarimétrie avec les données de l’instrument SPICAV-IR à bord de Venus Express. Planétologie et astrophysique de la terre [astro-ph.EP]. Université de Versailles-Saint Quentin en Yvelines, 2015. Français. ⟨NNT : 2015VERS041V⟩. ⟨tel-01327236v2⟩","Vénus, bien que de taille et de masse très similaire à la Terre, se révèle en fait un monde infernaloù la température de surface atteint 700 K et la pression s’élève à 92 bars. De plus, l’atmosphèreest principalement composée de dioxyde de carbone (à plus de 90 %). Bien que le corps solide aitune période de rotation très lente et rétrograde, l’atmosphère est elle en superrotation avec unepériode de quatre jours environ au sommet des nuages, avec des vents zonaux pouvant atteindre100 m/s. Observée dans le visible, Vénus ne laisse pas voir sa surface, cachée sous d’épais nuagesd’acide sulfurique qui couvrent en permanence l’intégralité de la planète. Ces nuages jouent unrôle très important dans l’atmosphère vénusienne car ils sont fondamentaux dans le bilan radiatifde la planète de par leur opacité et leur albédo élevé mais aussi dans les cycles chimiques denombreuses espèces, notamment celui du soufre.Arrivée en orbite en avril 2006, la mission européenne Venus Express avait pour objectif d’étudieren détail l’atmosphère de la planète. Parmi ses instruments se trouvait le spectromètre SPICAVdont le canal infrarouge permettait de mesurer le degré de polarisation linéaire de la lumièrediffusée par les nuages. Cette thèse vise à l’exploitation de données acquises par SPICAV-IR quia fonctionné jusqu’à la fin de la mission Venus Express en 2014. Nous présentons la planète Vénuset plus particulièrement les propriétés des nuages qui l’entourent. Nous nous intéresseronsà la polarisation produite par la diffusion de la lumière dans les nuages avant d’expliquer commentSPICAV-IR la mesure. Nous présentons notre modèle de transfert de rayonnement prenanten compte la polarisation et nous analyserons les gloires observées par SPICAV-IR afin de caractériserles propriétés des nuages. Enfin, nous nous intéresserons à la variabilité spatiale des brumessituées au dessus des nuages."
"Claire Ferrier. Interaction du vent solaire avec les planètes non magnétisées Mars et Vénus. Physique [physics]. Université Paul Sabatier - Toulouse III, 2009. Français. ⟨NNT : ⟩. ⟨tel-00431123⟩","Les corps planétaires sans champ magnétique intrinsèque, tels que Mars et Vénus, mais possédant une atmosphère, possèdent une queue magnétosphérique comme celle observée à l'arrière des comètes. Ces queues magnétosphériques sont le résultat de l'interaction directe entre le vent solaire (plasma constitué d'ions et d'électrons éjectés par le Soleil) et l'ionosphère de ces planètes. Une étude comparative de ces deux planètes est aujourd'hui possible. En effet, ASPERA-3 à bord de Mars Express (MEX) est actuellement en orbite autour de Mars et ASPERA-4, réplique d'ASPERA-3, à bord de Venus Express, en orbite autour de Vénus depuis Avril 2006. Ces expériences, construites en partenariat international avec une participation importante du CESR, donnent la possibilité d'étudier et de comparer, au moyen d'une instrumentation identique, l'interaction des deux planètes avec le vent solaire. Il est maintenant admis qu'en l'absence d'obstacle magnétique efficace, comme c'est le cas sur la Terre, protégée par sa magnétosphère, les atmosphères des planètes telles que Mars et Vénus sont soumises à une érosion intense au contact du vent solaire. Les modèles prédisent un effet cumulé très important à l'échelle de milliards d'années, potentiellement capable de dissiper une atmosphère primitive dense, nécessaire au maintient de l'eau sous forme liquide. Cependant, les mesures récentes de MEX montrent que si les échappements de l'atmosphère résultant de cette interaction sont importants, ils ne peuvent probablement pas expliquer la disparition des océans primitifs de Mars. A I'origine, Vénus devait également être recouverte d'eau, mais cette dernière s'est évaporée et le peu qu'il en reste (sous forme de vapeur) continue de s'en échapper comme en témoignent les taux d'échappement actuels d'hydrogène et d'oxygène calculés à partir des mesures de VEX. Cette thématique, qui nécessite d'aborder les planètes en tant que systèmes, constitués d'enveloppes en interaction mutuelle, avec à leur sommet le vent solaire, est fondamentale pour comprendre l'évolution des planètes tellurique en référence à la Terre. 1) Le problème “planétologique“ Il consiste à étudier de façon spécifique l'échappement des ions planétaires de Mars et Vénus. La résolution de ce problème passe par l'étude de la structure de cette interaction du vent solaire avec la planète ou plus précisément du couplage entre un vent de plasma rapide, sans collision, et un gaz neutre via des processus d'ionisation. En effet, cette interaction conduit à la formation d'un sillage rempli d'ions d'origine atmosphérique. La comparaison des environnements ionisés des deux planètes a révélé des similitudes et des différences dans les diverses régions plasma qui les entourent. Le calcul des taux d'échappement – ici échappement causé par l'interaction avec le vent solaire – permet de quantifier la perte atmosphérique et de mieux comprendre le rôle de ce type d'échappement dans la disparition de l'eau sur Mars et Vénus. 2) Le problème “physique“ Il consiste à étudier les mécanismes physiques responsables de l'échappement du matériel planétaire. L'étude de l'accélération des ions en fonction de différentes régions magnétosphériques révèle des différences à l'origine de la répartition spatiale et énergétique des différents ions, observés dans les queues de Mars et Vénus. Les mécanismes d'accélération agissant dans la région centrale de la queue, la plasma sheet sont dus à la forte tension magnétique jxB et à un champ électrique de polarisation. La seconde région, plus externe est le siège d'une accélération par le champ électrique interplanétaire et à un champ électrique de séparation de charge"
"John Carter. Étude des minéraux hydratés à la surface de Mars par les imageurs hyperspectraux OMEGA/MEx et CRISM/MRO. Autre. Université Paris Sud - Paris XI, 2011. Français. ⟨NNT : 2011PA112216⟩. ⟨tel-00657804⟩","La planète Mars a connu une période où l'eau liquide était durablement stable. Outre les vestiges morphologiques d'une activité hydrologique en surface, l'interaction chimique de l'eau avec la croûte basaltique s'est traduite par la formation d'argiles et de sels hydratés en surface et en profondeur. Ces minéraux hydratés ont été détectés à la surface de Mars en 2004 grâce à l'instrument OMEGA, l'imageur hyperspectral infrarouge proche embarqué sur la sonde européenne Mars Express. Leur étude permet de reconstruire l'histoire de l'activité aqueuse sur Mars et de caractériser une période ancienne où l'environnement a pu être favorable à l'apparition d'une chimie pré-biotique. Ce travail de thèse s'intéresse aux environnements aqueux de Mars en couplant les données minéralogiques des imageurs hyperspectraux embarqués OMEGA/Mars Express et CRISM/Mars Reconnaissance Orbiter avec la morphologie. De nouveaux outils de traitement et d'analyse des données sont développés et ont permis la détection et la caractérisation spectrale de plus d'un millier de dépôts de minéraux hydratés sur Mars, fournissant une vue d'ensemble de l'altération. Celle-ci a eu lieu principalement dans la première partie du Noachien et a surtout formé des phyllosilicates ferro-magnésiens de la famille des vermiculites et smectites. Une importante diversité minérale est par ailleurs constatée avec une dizaine de familles minérales différentes, traçants des conditions géo-chimiques variées. Placés dans leur contexte géologique, certaines détections permettent de proposer l'existence passée d'un système hydrologique sur l'ensemble de la planète qui a donné naissance à un cycle des argiles similaire au cycle terrestre. Il apparait par ailleurs que les cratères d'impact sont le contexte privilégié des minéraux hydratés, mais le lien entre ces derniers et les processus d'impact demeure ambigu. La découverte d'un cycle des argiles est compatible avec l'hypothèse d'une planète potentiellement habitable au Noachien mais qui devra être vérifiée par l'exploration in-situ."
"Naila Chaouche. De l’étude de l’évolution de la matière organique dans un environnement martien simulé à sa recherche in situ par l'instrument MOMA lors de la mission spatiale Exomars 2022. Astrophysique [astro-ph]. Université Paris-Est Créteil Val-de-Marne - Paris 12, 2021. Français. ⟨NNT : 2021PA120044⟩. ⟨tel-04025993⟩","La détection de matière organique est l’un des objectifs principaux des missions spatiales actuelles et futures vers la planète Mars. En effet, des molécules organiques ont été apportées sur la planète rouge par les flux météoritiques ou auraient pu être produites in situ. Cependant les sources météoritiques sont les seules dont on puisse être certains et qui sont toujours actives. Malgré la diversité des familles chimiques de ces sources, à ce jour, très peu de molécules organiques ont été détectées à la surface de Mars. Il existe deux hypothèses principales pour expliquer les différences observées entre les molécules détectées et les molécules supposées présentes à la surface de Mars. La première hypothèse concerne les biais directement liés à l’instrumentation utilisée in situ pour l’analyse des échantillons prélevés. La seconde hypothèse est liée à l’impact de l’environnement martien sur l’évolution de la matière organique en surface. L’objectif de cette thèse est d’apporter des éléments de réponses pour les deux hypothèses posées concernant la problématique de la détection de matière organiques sur Mars, et notamment dans le contexte de la future missions spatiale Exomars dont le lancement est prévu pour 2022. Une partie de mes travaux a été orientée vers la caractérisation de certains biais analytiques possibles pour les futures analyses réalisées par l’instrument MOMA (Mars Organic Molecules Analyzer) de la mission Exomars. Plus précisément, l’une des procédures d’extraction chimique de MOMA, permettant de volatiliser des molécules potentiellement présentes, a été testée. Le résultat principal est que cette procédure sera moins efficace sur Mars qu’une réaction classique de laboratoire. Néanmoins, MOMA serait capable d’analyser des molécules organiques tels que les acides aminés. Le deuxième volet de ces travaux concerne l’étude de l’évolution de la matière organique à la surface de Mars afin d’orienter les recherches de molécul es organiques en surface. Plus précisément, l’effet du rayonnement UV et de la présence de sels de perchlorates a été étudié à l’aide d’une chambre de simulation martienne : MOMIE (Mars Organic Matter Irradiation and Evolution). La famille de molécules ciblée pour cette étude est la famille des bases azotées pyrimidiques. Les résultats obtenus indiquent que ces molécules sont susceptibles d’évoluer lorsqu’elles sont exposées au rayonnement UV et en présence de perchlorates à la surface de Mars."
